{
    "orbits": [
        {
            "MG": 1172385494914498600.0,
            "GravConst": 6.674300001563438e-11,
            "SemiMinorAxis": 13600954883.17789,
            "SemiMajorAxis": 13600954928.85467,
            "FocalParameter": 13600954837.501114,
            "Eccentricity": 0.00008195548478018289,
            "Period": 9204469.272124654,
            "TrueAnomaly": 0.00005769850647239011,
            "MeanAnomaly": 0.000057689048095298275,
            "EccentricAnomaly": 0.00005769377641671068,
            "MeanMotion": 6.826233128082639e-7,
            "Periapsis": {
                "x": 13599840256.000002,
                "y": 0.0,
                "z": 0.0
            },
            "PeriapsisDistance": 13599840256.000002,
            "Apoapsis": {
                "x": -13602069601.709338,
                "y": 0.0,
                "z": 0.0
            },
            "ApoapsisDistance": 13602069601.709338,
            "CenterPoint": {
                "x": -1114672.8546677025,
                "y": 0.0,
                "z": 0.0
            },
            "OrbitCompressionRatio": 0.9999999932832984,
            "OrbitNormal": {
                "x": 0.0,
                "y": -1.0,
                "z": 0.0
            },
            "SemiMinorAxisBasis": {
                "x": 0.0,
                "y": 0.0,
                "z": -1.0
            },
            "SemiMajorAxisBasis": {
                "x": 1.0,
                "y": 0.0,
                "z": 0.0
            },
            "OrbitNormalDotEclipticNormal": 0.0,
            "positionRelativeToAttractor": {
                "x": 13599840233.364125,
                "y": 0.0,
                "z": 784690.4496485181
            },
            "velocityRelativeToAttractor": {
                "x": -0.5356919132586345,
                "y": 0.0,
                "z": 9285.089828295686
            },
            "AttractorMass": 1.7565669727759768e28,
            "AttractorDistance": 13599840256.0,
            "objectName": "earthBarycenter",
            "attractorName": "sun",
            "G": 6.6743e-11
        },
        {
            "MG": 3530704820900.0,
            "GravConst": 6.674300001563438e-11,
            "SemiMinorAxis": 11544451.677567836,
            "SemiMajorAxis": 11545364.418974825,
            "FocalParameter": 11543539.008319412,
            "Eccentricity": 0.01257408720128672,
            "Period": 131177.88711999006,
            "TrueAnomaly": 0.00415133792551178,
            "MeanAnomaly": 0.004047916018387959,
            "EccentricAnomaly": 0.004099462877711173,
            "MeanMotion": 0.0000478982048356389,
            "Periapsis": {
                "x": -11400192.0,
                "y": 0.0,
                "z": 0.0
            },
            "PeriapsisDistance": 11400192.0,
            "Apoapsis": {
                "x": 11690536.837949645,
                "y": 0.0,
                "z": 0.0
            },
            "ApoapsisDistance": 11690536.837949645,
            "CenterPoint": {
                "x": 145172.41897482245,
                "y": 0.0,
                "z": 0.0
            },
            "OrbitCompressionRatio": 0.9998418923310544,
            "OrbitNormal": {
                "x": 0.0,
                "y": -1.0,
                "z": 0.0
            },
            "SemiMinorAxisBasis": {
                "x": 0.0,
                "y": 0.0,
                "z": 1.0
            },
            "SemiMajorAxisBasis": {
                "x": -1.0,
                "y": 0.0,
                "z": 0.0
            },
            "OrbitNormalDotEclipticNormal": 0.0,
            "positionRelativeToAttractor": {
                "x": -11400094.986771476,
                "y": 0.0,
                "z": -47325.9185387496
            },
            "velocityRelativeToAttractor": {
                "x": 2.2958740406003796,
                "y": 0.0,
                "z": -559.9952345186678
            },
            "AttractorMass": 5.290000179903423e22,
            "AttractorDistance": 11400192.0,
            "objectName": "moon",
            "attractorName": "earth",
            "G": 6.6743e-11
        },
        {
            "MG": 1172385494914498600.0,
            "GravConst": 6.674300001563438e-11,
            "SemiMinorAxis": 20700652371.697599,
            "SemiMajorAxis": 20727551248.067338,
            "FocalParameter": 20673788402.951108,
            "Eccentricity": 0.050929231499600827,
            "Period": 17316760.340148026,
            "TrueAnomaly": 3.141620405857419,
            "MeanAnomaly": 3.1416233444789056,
            "EccentricAnomaly": 3.1416218571633478,
            "MeanMotion": 3.628383822239751e-7,
            "Periapsis": {
                "x": -19671912992.134679,
                "y": 0.0,
                "z": 0.0
            },
            "PeriapsisDistance": 19671912992.134679,
            "Apoapsis": {
                "x": 21783189504.0,
                "y": 0.0,
                "z": 0.0
            },
            "ApoapsisDistance": 21783189504.0,
            "CenterPoint": {
                "x": 1055638255.9326614,
                "y": 0.0,
                "z": 0.0
            },
            "OrbitCompressionRatio": 0.99740621337886,
            "OrbitNormal": {
                "x": 0.0,
                "y": -1.0,
                "z": 0.0
            },
            "SemiMinorAxisBasis": {
                "x": 0.0,
                "y": 0.0,
                "z": 1.0
            },
            "SemiMajorAxisBasis": {
                "x": -1.0,
                "y": 0.0,
                "z": 0.0
            },
            "OrbitNormalDotEclipticNormal": 0.0,
            "positionRelativeToAttractor": {
                "x": 21783189495.161268,
                "y": 0.0,
                "z": 604533.024074849
            },
            "velocityRelativeToAttractor": {
                "x": -0.20898911153725398,
                "y": 0.0,
                "z": 7146.99999710004
            },
            "AttractorMass": 1.7565669727759768e28,
            "AttractorDistance": 21783189504.0,
            "objectName": "marsBarycenter",
            "attractorName": "sun",
            "G": 6.6743e-11
        },
        {
            "MG": 30101093117.158205,
            "GravConst": 6.674300001563438e-11,
            "SemiMinorAxis": 1697084.7694247817,
            "SemiMajorAxis": 1701605.9702167169,
            "FocalParameter": 1692575.5815529696,
            "Eccentricity": 0.0728490211977684,
            "Period": 80385.41083890043,
            "TrueAnomaly": 4.429261656651866,
            "MeanAnomaly": 4.57120688792654,
            "EccentricAnomaly": 4.499994854677196,
            "MeanMotion": 0.00007816325427224186,
            "Periapsis": {
                "x": 1329164.2328160434,
                "y": -532458.2458312744,
                "z": -662402.012869793
            },
            "PeriapsisDistance": 1577645.64082215,
            "Apoapsis": {
                "x": -1538037.039048362,
                "y": 616131.9147899156,
                "z": 766495.8214948697
            },
            "ApoapsisDistance": 1825566.299611284,
            "CenterPoint": {
                "x": -104436.40311615929,
                "y": 41836.83447932061,
                "z": 52046.904312538325
            },
            "OrbitCompressionRatio": 0.9946930201105272,
            "OrbitNormal": {
                "x": 0.3296156268390882,
                "y": 0.9394484852416466,
                "z": -0.093755437819098
            },
            "SemiMinorAxisBasis": {
                "x": 0.4260864456352428,
                "y": -0.05940604004176516,
                "z": 0.902729894958886
            },
            "SemiMajorAxisBasis": {
                "x": 0.8424985931082618,
                "y": -0.3375018014525729,
                "z": -0.41986742506042049
            },
            "OrbitNormalDotEclipticNormal": -0.093755437819098,